"Name","Address","Phone","Category","Website","Rating","Reviews","Price Range","Hours","Description","Merchant Verified","Business Closed","Dine-In","Takeout","Delivery","Review 1 Text","Review 1 Score","Review 2 Text","Review 2 Score","Review 3 Text","Review 3 Score","Image URL","Listing CID","Lat","Long","Listing URL","Email","Facebook","Twitter","Instagram","LinkedIn"
"KoTuk Cannabis Shop(ร้านกัญชา)","134 40 ถนน สัจจกุล ตำบล หาดใหญ่ อำเภอหาดใหญ่ สงขลา 90110","0834432501","ร้านขายกัญชาในเทศบาลนครหาดใหญ่","","5.0","46",""," วันพุธ 9:00–1:00, วันพฤหัสบดี 9:00–1:00, วันศุกร์ 9:00–0:00, วันเสาร์ เปิด 24 ชั่วโมง, วันอาทิตย์<div>(วันคล้ายวันสวรรคตพระบาทสมเด็จพระบรมชนกาธิเบศร มหาภูมิพลอดุลยเดชมหาราช บรมนาถบพิตร)</div> เปิด 24 ชั่วโมง<div><span>เวลาทำการอาจแตกต่างกันไป</span></div>, วันจันทร์<div>(วันคล้ายวันสวรรคตพระบาทสมเด็จพระบรมชนกาธิเบศร มหาภูมิพลอดุลยเดชมหาราช บรมนาถบพิตร (วันหยุดชดเชย))</div> 9:00–1:00<div><span>เวลาทำการอาจแตกต่างกันไป</span></div>, วันอังคาร 9:00–1:00,","","Yes","No","No","No","No","แวะมากันครับของดีมากๆเป็นกันเองครับ ส่งก้มานะครับ โทรสอบถามได้ครับคุณภาพดีมาก","ได้รับ 5.0 จาก 5 ดาว,","หร่อยมากน้องรัก พัฒนาฝีมือไปอีกน้องบ่าว (ขับรถช้าๆ ระวังหน่อย)","ได้รับ 5.0 จาก 5 ดาว,","เข้ามาเลยครับบริการดีฟิวบ้านเพื่อน😘","ได้รับ 5.0 จาก 5 ดาว,","https://lh5.googleusercontent.com/p/","8559443695267528462","7.0224024","100.4602276","http://maps.google.com/maps/place?cid=8559443695267528462","","","","",""
"S WEED UPPER 420 HATYAI Weed Cannabis Coffee Dispensary Cafe Shop","JT square plaza 4แยก ไดอาน่า ตรงที่ขายผ้าเยอะๆ เลียบ ถนน 30 เมตร ตำบล หาดใหญ่ อำเภอหาดใหญ่ สงขลา 90110","0968648319","ร้านขายกัญชาในเทศบาลนครหาดใหญ่","","4.9","334",""," วันพุธ เปิด 24 ชั่วโมง, วันพฤหัสบดี เปิด 24 ชั่วโมง, วันศุกร์ เปิด 24 ชั่วโมง, วันเสาร์ เปิด 24 ชั่วโมง, วันอาทิตย์<div>(วันคล้ายวันสวรรคตพระบาทสมเด็จพระบรมชนกาธิเบศร มหาภูมิพลอดุลยเดชมหาราช บรมนาถบพิตร)</div> เปิด 24 ชั่วโมง<div><span>เวลาทำการอาจแตกต่างกันไป</span></div>, วันจันทร์<div>(วันคล้ายวันสวรรคตพระบาทสมเด็จพระบรมชนกาธิเบศร มหาภูมิพลอดุลยเดชมหาราช บรมนาถบพิตร (วันหยุดชดเชย))</div> เปิด 24 ชั่วโมง<div><span>เวลาทำการอาจแตกต่างกันไป</span></div>, วันอังคาร เปิด 24 ชั่วโมง,","","Yes","No","No","No","No","ร้านนั่งสบาย เพลงไพเราะ เจ้าของร้านน่ารักค่ะ มาเที่ยวกันเยอะๆนะคะ","ได้รับ 5.0 จาก 5 ดาว,","สถานที่ดี ได้มิตรภาพ ได้เพื่อนใหม่เป็นคนขายของด้วย มายเฟรน","ได้รับ 5.0 จาก 5 ดาว,","มีดอกหลายสายพันธ์ มีอุปกรค์ครบ เพลงฟังผ่อนคลาย รูปภาพในร้านสวย 👽🛸","ได้รับ 5.0 จาก 5 ดาว,","https://lh5.googleusercontent.com/p/AF1QipNtetJgTTFbU3NzAxsPD4V_HTn03IdzwWAV2cbR","5614638054026226408","","","http://maps.google.com/maps/place?cid=5614638054026226408","","","","",""
"Broccoli.hdy (canna cafe hatyai)","soi3, 71, ถนน ทุ่งรี ตำบล คอหงส์ อำเภอหาดใหญ่ สงขลา 90110","0918453616","ร้านขายกัญชาในตำบล คอหงส์","","5.0","15",""," วันพุธ 10:00–23:30, วันพฤหัสบดี 10:00–23:30, วันศุกร์ 10:00–23:30, วันเสาร์ 10:00–23:30, วันอาทิตย์<div>(วันคล้ายวันสวรรคตพระบาทสมเด็จพระบรมชนกาธิเบศร มหาภูมิพลอดุลยเดชมหาราช บรมนาถบพิตร)</div> 13:00–23:30<div><span>เวลาทำการอาจแตกต่างกันไป</span></div>, วันจันทร์<div>(วันคล้ายวันสวรรคตพระบาทสมเด็จพระบรมชนกาธิเบศร มหาภูมิพลอดุลยเดชมหาราช บรมนาถบพิตร (วันหยุดชดเชย))</div> 10:00–23:30<div><span>เวลาทำการอาจแตกต่างกันไป</span></div>, วันอังคาร 10:00–23:30,","","Yes","No","No","No","No","","","","","","","https://lh5.googleusercontent.com/p/","11678365644692015264","6.9981994","100.49941659999999","http://maps.google.com/maps/place?cid=11678365644692015264","","","","",""
"KANDABIZ","66 ถ. ธรรมนูญวิถี ตำบล หาดใหญ่ อำเภอหาดใหญ่ สงขลา 90110","0809362999","ร้านขายกัญชา","","5.0","148",""," วันพุธ 10:00–0:00, วันพฤหัสบดี 10:00–0:00, วันศุกร์ 10:00–0:00, วันเสาร์ 12:00–0:00, วันอาทิตย์<div>(วันคล้ายวันสวรรคตพระบาทสมเด็จพระบรมชนกาธิเบศร มหาภูมิพลอดุลยเดชมหาราช บรมนาถบพิตร)</div> 12:00–0:00<div><span>เวลาทำการอาจแตกต่างกันไป</span></div>, วันจันทร์<div>(วันคล้ายวันสวรรคตพระบาทสมเด็จพระบรมชนกาธิเบศร มหาภูมิพลอดุลยเดชมหาราช บรมนาถบพิตร (วันหยุดชดเชย))</div> 10:00–0:00<div><span>เวลาทำการอาจแตกต่างกันไป</span></div>, วันอังคาร 10:00–0:00,","","Yes","No","No","No","No","บริการดีมากครับ เป็นกันเอง บรรยากาศดี ราคาโอเค","ได้รับ 5.0 จาก 5 ดาว,","เจ้าของร้านเป็นกันเองมาก​ สายชิลสายหนักมาได้เลย​ ราคาไม่แรงงง","ได้รับ 5.0 จาก 5 ดาว,","เราจะปลดปล่อย พันธการ ไปจากใจฉัน ผู้ใช้ควรได้รับคำปรึกษาก่อนใช่งาน","ได้รับ 5.0 จาก 5 ดาว,","https://lh5.googleusercontent.com/p/AF1QipPjDrMesxucOO3RE8wLjESJHTwzfKpVBWhsrelT","3877636476534509855","7.0043384","100.4704884","http://maps.google.com/maps/place?cid=3877636476534509855","","","","",""
"Syrup Cannabis","101 2 ถนน พลพิชัย ตำบล หาดใหญ่ อำเภอหาดใหญ่ สงขลา 90110","0926690447","ร้านขายกัญชาในเทศบาลนครหาดใหญ่","","5.0","10",""," วันพุธ เปิด 24 ชั่วโมง, วันพฤหัสบดี เปิด 24 ชั่วโมง, วันศุกร์ เปิด 24 ชั่วโมง, วันเสาร์ เปิด 24 ชั่วโมง, วันอาทิตย์<div>(วันคล้ายวันสวรรคตพระบาทสมเด็จพระบรมชนกาธิเบศร มหาภูมิพลอดุลยเดชมหาราช บรมนาถบพิตร)</div> เปิด 24 ชั่วโมง<div><span>เวลาทำการอาจแตกต่างกันไป</span></div>, วันจันทร์<div>(วันคล้ายวันสวรรคตพระบาทสมเด็จพระบรมชนกาธิเบศร มหาภูมิพลอดุลยเดชมหาราช บรมนาถบพิตร (วันหยุดชดเชย))</div> เปิด 24 ชั่วโมง<div><span>เวลาทำการอาจแตกต่างกันไป</span></div>, วันอังคาร เปิด 24 ชั่วโมง,","","Yes","No","No","No","No","บริการดีมากๆครับ พนักงานเป็นกันเอง มีสินค้าให้เลือกหลายสายพันธุ์ ความเมา 10/10","ได้รับ 5.0 จาก 5 ดาว,","ของดีมีคุณภาพ ราคาไม่แพงครับ เป็นกันเอง ครับ","ได้รับ 5.0 จาก 5 ดาว,","สินค้าคุณภาพดีราคาน่ารัก มีให้เลือกหลายตัวเลยครับ","ได้รับ 5.0 จาก 5 ดาว,","https://lh5.googleusercontent.com/p/","1466379377625824856","6.9950399999999995","100.4641382","http://maps.google.com/maps/place?cid=1466379377625824856","","","","",""
"Weed Dragon Hatyai Cannabis Shop","88 ถนน ศุภสารรังสรรค์ ตำบล หาดใหญ่ อำเภอหาดใหญ่ สงขลา 90110","0994901581","ร้านขายกัญชาในเทศบาลนครหาดใหญ่","","5.0","17",""," วันพุธ 10:00–23:30, วันพฤหัสบดี 10:00–23:30, วันศุกร์ 10:00–23:30, วันเสาร์ 10:00–23:30, วันอาทิตย์<div>(วันคล้ายวันสวรรคตพระบาทสมเด็จพระบรมชนกาธิเบศร มหาภูมิพลอดุลยเดชมหาราช บรมนาถบพิตร)</div> 10:00–23:30<div><span>เวลาทำการอาจแตกต่างกันไป</span></div>, วันจันทร์<div>(วันคล้ายวันสวรรคตพระบาทสมเด็จพระบรมชนกาธิเบศร มหาภูมิพลอดุลยเดชมหาราช บรมนาถบพิตร (วันหยุดชดเชย))</div> 10:00–23:30<div><span>เวลาทำการอาจแตกต่างกันไป</span></div>, วันอังคาร 10:00–23:30,","","Yes","No","No","No","No","","","","","","","https://lh5.googleusercontent.com/p/AF1QipNtetJgTTFbU3NzAxsPD4V_HTn03IdzwWAV2cbR","2818984217569864557","7.0079772","100.4713059","http://maps.google.com/maps/place?cid=2818984217569864557","","","","",""
"Weed Cannabis 大麻 Hatyai CHUM MOKE WEED 133 - Dispensary - Marijuana - SHOP&CAFE","ข้าง เซเว่น บขส หาดใหญ่ 133 ถนน โชติวิทยะกุล 5 ต.หาดใหญ่ อำเภอหาดใหญ่ สงขลา 90110","0612079783","ร้านขายกัญชาในเทศบาลนครหาดใหญ่","","5.0","118",""," วันพุธ 9:30–23:30, วันพฤหัสบดี 9:30–23:30, วันศุกร์ 9:30–23:30, วันเสาร์ 9:30–23:30, วันอาทิตย์<div>(วันคล้ายวันสวรรคตพระบาทสมเด็จพระบรมชนกาธิเบศร มหาภูมิพลอดุลยเดชมหาราช บรมนาถบพิตร)</div> 9:30–23:30<div><span>เวลาทำการอาจแตกต่างกันไป</span></div>, วันจันทร์<div>(วันคล้ายวันสวรรคตพระบาทสมเด็จพระบรมชนกาธิเบศร มหาภูมิพลอดุลยเดชมหาราช บรมนาถบพิตร (วันหยุดชดเชย))</div> 12:00–23:30<div><span>เวลาทำการอาจแตกต่างกันไป</span></div>, วันอังคาร 9:30–23:30,","","Yes","No","No","No","No","บริการดีมากครับ เป็นกันเอง ราคาก็ดีต่อใจ มีโอกาสจะไปอีกนะครับ","ได้รับ 5.0 จาก 5 ดาว,","ที่ร้านแนะนำดีมากครับ เจ้าของร้านให้ความรู้เรื่องกัญชาด้วยครับ","ได้รับ 5.0 จาก 5 ดาว,","บรรยากาศดี นั่งเพลินๆเลยค่าา ร้านเปิดเพลงให้ฟังด้วย แนะนำเลยค่าห้ามพลาดดดด 👍🏻","ได้รับ 5.0 จาก 5 ดาว,","https://lh5.googleusercontent.com/p/","9803264994836640172","6.9953018","100.4832699","http://maps.google.com/maps/place?cid=9803264994836640172","","","","",""
"กัญชาหาดใหญ่ by MOON LIGHT cannabis hatyai","181 นวลแก้วอุทิศ ตำบล หาดใหญ่ อำเภอหาดใหญ่ สงขลา 90110","0887823395","ร้านขายกัญชาในเทศบาลนครหาดใหญ่","","5.0","7",""," วันพุธ 15:00–1:00, วันพฤหัสบดี 15:00–1:00, วันศุกร์ 15:00–1:00, วันเสาร์ 15:00–1:00, วันอาทิตย์<div>(วันคล้ายวันสวรรคตพระบาทสมเด็จพระบรมชนกาธิเบศร มหาภูมิพลอดุลยเดชมหาราช บรมนาถบพิตร)</div> 15:00–1:00<div><span>เวลาทำการอาจแตกต่างกันไป</span></div>, วันจันทร์<div>(วันคล้ายวันสวรรคตพระบาทสมเด็จพระบรมชนกาธิเบศร มหาภูมิพลอดุลยเดชมหาราช บรมนาถบพิตร (วันหยุดชดเชย))</div> 15:00–1:00<div><span>เวลาทำการอาจแตกต่างกันไป</span></div>, วันอังคาร 15:00–1:00,","","Yes","No","No","No","No","สินค้าดี ราคาถูก เยลลี่อร่อยมาก","ได้รับ 5.0 จาก 5 ดาว,","พ่อค้าบริการดีครับ พูดเพราะ เกินนิดเกินหน่อยก็แถมๆให้ครับ 👍🏻","ได้รับ 5.0 จาก 5 ดาว,","","","https://lh5.googleusercontent.com/p/AF1QipNK8l8wjEv0M5cgpiouqFUeDBdI74rxAx2zvIWY","17675484422532830828","7.028663300000001","100.4816345","http://maps.google.com/maps/place?cid=17675484422532830828","","","","",""
"เพื่อนปาร์ตี้ Weed Shop","24 ถนน โชติวิทยะกุล 5 ตำบล หาดใหญ่ อำเภอหาดใหญ่ สงขลา 90110","0803762998","ร้านขายกัญชาในเทศบาลนครหาดใหญ่","","5.0","181",""," วันพุธ 10:00–22:00, วันพฤหัสบดี 10:00–22:00, วันศุกร์ 10:00–0:00, วันเสาร์ 10:00–0:00, วันอาทิตย์<div>(วันคล้ายวันสวรรคตพระบาทสมเด็จพระบรมชนกาธิเบศร มหาภูมิพลอดุลยเดชมหาราช บรมนาถบพิตร)</div> 10:00–22:00<div><span>เวลาทำการอาจแตกต่างกันไป</span></div>, วันจันทร์<div>(วันคล้ายวันสวรรคตพระบาทสมเด็จพระบรมชนกาธิเบศร มหาภูมิพลอดุลยเดชมหาราช บรมนาถบพิตร (วันหยุดชดเชย))</div> 10:00–22:00<div><span>เวลาทำการอาจแตกต่างกันไป</span></div>, วันอังคาร 10:00–22:00,","Our Buddyparty team sources the best weed in Thailand through relationships forged over years. We partner directly with farmers and brands and pass the savings on to you.Whether you’re looking to roll something up, grab a pre-roll on the go, enjoy...แสดงเพิ่ม","Yes","No","No","No","No","บริการส่งเร็วดีครับ ดอกไม้คุณภาพ มาใกลเป็นพันกว่ากิโล หายเหนื่อยเลยครับ","ได้รับ 5.0 จาก 5 ดาว,","สายกัญแนะนำให้ลอง ไม่ผิดหวังแน่นอน บรรยากาศดีมีของกินเครื่องดื่มเพียบ","ได้รับ 5.0 จาก 5 ดาว,","เมนูหลากหลาย พนักงานสุภาพ เป็นกันเอง โดยรวมแนะนำนะครับ","ได้รับ 5.0 จาก 5 ดาว,","https://lh5.googleusercontent.com/p/","6634354336512387657","6.994942399999999","100.4856988","http://maps.google.com/maps/place?cid=6634354336512387657","","","","",""
"Royyim in Cannabis","127 3 ถนน นิพัทธ์อุทิศ ๓ ตำบล หาดใหญ่ อำเภอหาดใหญ่ สงขลา 90110","0937860066","ร้านขายกัญชาในเทศบาลนครหาดใหญ่","","4.7","16",""," วันพุธ 10:00–1:00, วันพฤหัสบดี 10:00–1:00, วันศุกร์ 10:00–1:00, วันเสาร์ 10:00–1:00, วันอาทิตย์<div>(วันคล้ายวันสวรรคตพระบาทสมเด็จพระบรมชนกาธิเบศร มหาภูมิพลอดุลยเดชมหาราช บรมนาถบพิตร)</div> 10:00–1:00<div><span>เวลาทำการอาจแตกต่างกันไป</span></div>, วันจันทร์<div>(วันคล้ายวันสวรรคตพระบาทสมเด็จพระบรมชนกาธิเบศร มหาภูมิพลอดุลยเดชมหาราช บรมนาถบพิตร (วันหยุดชดเชย))</div> 11:00–1:00<div><span>เวลาทำการอาจแตกต่างกันไป</span></div>, วันอังคาร 10:00–1:00,","","Yes","No","No","No","No","","","","","","","https://lh5.googleusercontent.com/p/","14401515734215118602","7.0045423","100.47063829999999","http://maps.google.com/maps/place?cid=14401515734215118602","","","","",""
"Nano Growers 大麻店","ซอย 16 อำเภอเมืองหาดใหญ่ อำเภอหาดใหญ่ สงขลา 90110","0969196656","ร้านขายกัญชาในเทศบาลนครหาดใหญ่","","5.0","8",""," วันพุธ 9:00–21:00, วันพฤหัสบดี 9:00–21:00, วันศุกร์ 9:00–21:00, วันเสาร์ 9:00–21:00, วันอาทิตย์<div>(วันคล้ายวันสวรรคตพระบาทสมเด็จพระบรมชนกาธิเบศร มหาภูมิพลอดุลยเดชมหาราช บรมนาถบพิตร)</div> 9:00–21:00<div><span>เวลาทำการอาจแตกต่างกันไป</span></div>, วันจันทร์<div>(วันคล้ายวันสวรรคตพระบาทสมเด็จพระบรมชนกาธิเบศร มหาภูมิพลอดุลยเดชมหาราช บรมนาถบพิตร (วันหยุดชดเชย))</div> 9:00–21:00<div><span>เวลาทำการอาจแตกต่างกันไป</span></div>, วันอังคาร 9:00–21:00,","","Yes","No","No","No","No","พ่อค้าบริการดีมาก ของดี ราคาไม่แพง แนะนำเลยครับ","ได้รับ 5.0 จาก 5 ดาว,","ดอกคุณภาพมากๆ แนะนำครับ","ได้รับ 5.0 จาก 5 ดาว,","","","https://lh5.googleusercontent.com/p/","12369541153799178045","7.0259877","100.4712519","http://maps.google.com/maps/place?cid=12369541153799178045","","","","",""
"Weed Hatyai Hop Bis Cannabis Shop","ตรงข้ามทุ่งเสาแมนชั่น 165 ถ. ทุ่งเสา 2 ตำบล หาดใหญ่ อำเภอหาดใหญ่ สงขลา 90110","0830549351","ร้านขายกัญชา","","5.0","556",""," วันพุธ 10:00–22:00, วันพฤหัสบดี 9:00–22:00, วันศุกร์ 10:00–22:00, วันเสาร์ 10:00–22:00, วันอาทิตย์<div>(วันคล้ายวันสวรรคตพระบาทสมเด็จพระบรมชนกาธิเบศร มหาภูมิพลอดุลยเดชมหาราช บรมนาถบพิตร)</div> 10:00–22:00<div><span>เวลาทำการอาจแตกต่างกันไป</span></div>, วันจันทร์<div>(วันคล้ายวันสวรรคตพระบาทสมเด็จพระบรมชนกาธิเบศร มหาภูมิพลอดุลยเดชมหาราช บรมนาถบพิตร (วันหยุดชดเชย))</div> 10:00–22:00<div><span>เวลาทำการอาจแตกต่างกันไป</span></div>, วันอังคาร 18:00–22:00,","Hobbis Shop sells green bouquets, retail-wholesale, reasonable prices, friendly.There are drinks and snacks that are green and not green. There are also souvenirs such as inhalers, pain relievers. Thai traditional home medicine, etc.Able to park...แสดงเพิ่ม","Yes","No","No","No","No","บริการดี เป็นกันเอง ให้คำปรึกษาดีมากเลยครับ งานดีกลิ่นอย่างลั่น สมราคาดีครับ","ได้รับ 5.0 จาก 5 ดาว,","ของดีครับ แอร์เย็น ร้านสวย พนักงานน่ารัก สินค้าคุณภาพดี แนะนำร้านนี้ครับ","ได้รับ 5.0 จาก 5 ดาว,","Hight quality บรรกาศดี เดินทางสะดวกใกล้ตัวเมืองสินค้ามีคุณภาพเจ้าของร้านใจดี","ได้รับ 5.0 จาก 5 ดาว,","https://lh5.googleusercontent.com/p/AF1QipPRW_SpC5-HC2cUJX54lm4C1lD8hF-9OtBFnACq","11591392135663980065","","","http://maps.google.com/maps/place?cid=11591392135663980065","","","","",""
"Cyclonelab.hdy cannabis shop","45 คลองเรียน 2 ตำบล หาดใหญ่ อำเภอหาดใหญ่ สงขลา 90110","0982659361","ร้านขายกัญชาในเทศบาลนครหาดใหญ่","","5.0","8",""," วันพุธ 17:00–0:00, วันพฤหัสบดี 17:00–0:00, วันศุกร์ 17:00–0:00, วันเสาร์ 17:00–0:00, วันอาทิตย์<div>(วันคล้ายวันสวรรคตพระบาทสมเด็จพระบรมชนกาธิเบศร มหาภูมิพลอดุลยเดชมหาราช บรมนาถบพิตร)</div> 17:00–0:00<div><span>เวลาทำการอาจแตกต่างกันไป</span></div>, วันจันทร์<div>(วันคล้ายวันสวรรคตพระบาทสมเด็จพระบรมชนกาธิเบศร มหาภูมิพลอดุลยเดชมหาราช บรมนาถบพิตร (วันหยุดชดเชย))</div> 17:00–0:00<div><span>เวลาทำการอาจแตกต่างกันไป</span></div>, วันอังคาร 17:00–0:00,","","Yes","No","No","No","No","","","","","","","https://lh5.googleusercontent.com/p/","18336786861249251921","7.0008886","100.48414149999999","http://maps.google.com/maps/place?cid=18336786861249251921","","","","",""
"dekwatmango cannabis shop","83 1 อำเภอหาดใหญ่ สงขลา 90110","0829095387","ร้านขายกัญชาในตำบล คลองแห","","4.9","29",""," วันพุธ เปิด 24 ชั่วโมง, วันพฤหัสบดี เปิด 24 ชั่วโมง, วันศุกร์ เปิด 24 ชั่วโมง, วันเสาร์ เปิด 24 ชั่วโมง, วันอาทิตย์<div>(วันคล้ายวันสวรรคตพระบาทสมเด็จพระบรมชนกาธิเบศร มหาภูมิพลอดุลยเดชมหาราช บรมนาถบพิตร)</div> เปิด 24 ชั่วโมง<div><span>เวลาทำการอาจแตกต่างกันไป</span></div>, วันจันทร์<div>(วันคล้ายวันสวรรคตพระบาทสมเด็จพระบรมชนกาธิเบศร มหาภูมิพลอดุลยเดชมหาราช บรมนาถบพิตร (วันหยุดชดเชย))</div> เปิด 24 ชั่วโมง<div><span>เวลาทำการอาจแตกต่างกันไป</span></div>, วันอังคาร เปิด 24 ชั่วโมง,","","Yes","No","No","No","No","รู้เรื่องย้ายมิติเลย ของดี เป็นกันเองสุดๆครับ","ได้รับ 5.0 จาก 5 ดาว,","ของดีมีคุณภาพบริการถึงใจ🙏","ได้รับ 5.0 จาก 5 ดาว,","อาโหร่ยมากครับ ขึ้นหัวแต่ลงตัว","ได้รับ 5.0 จาก 5 ดาว,","https://lh5.googleusercontent.com/p/AF1QipO2qq4f1zmJBE0_6hOI8i0W0sywmzwgK4xO_NWV","15368561012775393448","7.0478957","100.46497099999999","http://maps.google.com/maps/place?cid=15368561012775393448","","","","",""
"นายหัวฟาร์ม(nayhua farm cannabis shop)","20 16 อำเภอหาดใหญ่ สงขลา 90110","0902304932","ร้านขายกัญชาในตำบล คลองแห","","5.0","12",""," วันพุธ เปิด 24 ชั่วโมง, วันพฤหัสบดี เปิด 24 ชั่วโมง, วันศุกร์ เปิด 24 ชั่วโมง, วันเสาร์ เปิด 24 ชั่วโมง, วันอาทิตย์<div>(วันคล้ายวันสวรรคตพระบาทสมเด็จพระบรมชนกาธิเบศร มหาภูมิพลอดุลยเดชมหาราช บรมนาถบพิตร)</div> เปิด 24 ชั่วโมง<div><span>เวลาทำการอาจแตกต่างกันไป</span></div>, วันจันทร์<div>(วันคล้ายวันสวรรคตพระบาทสมเด็จพระบรมชนกาธิเบศร มหาภูมิพลอดุลยเดชมหาราช บรมนาถบพิตร (วันหยุดชดเชย))</div> เปิด 24 ชั่วโมง<div><span>เวลาทำการอาจแตกต่างกันไป</span></div>, วันอังคาร เปิด 24 ชั่วโมง,","","Yes","No","No","No","No","ที่สุดของความเมาในหาดใหญ่ !ระวังเหลือง420","ได้รับ 5.0 จาก 5 ดาว,","ขายถูกพ่อค้าเป็นกันเองมากเลยครับ","ได้รับ 5.0 จาก 5 ดาว,","ของดี ของแท้ คุณภาพดี👍👍👍","ได้รับ 5.0 จาก 5 ดาว,","https://lh5.googleusercontent.com/p/","18229689420931318542","7.051047199999999","100.4736961","http://maps.google.com/maps/place?cid=18229689420931318542","","","","",""
"S' Weed Upper 02","79/7 ชั้น 1 ห้องแรก ตำบล หาดใหญ่ อำเภอหาดใหญ่ สงขลา 90110","0982253856","ร้านขายกัญชาในเทศบาลนครหาดใหญ่","","5.0","31",""," วันพุธ 9:00–1:00, วันพฤหัสบดี 9:00–1:00, วันศุกร์ 9:00–1:00, วันเสาร์ 9:00–1:00, วันอาทิตย์<div>(วันคล้ายวันสวรรคตพระบาทสมเด็จพระบรมชนกาธิเบศร มหาภูมิพลอดุลยเดชมหาราช บรมนาถบพิตร)</div> 9:00–1:00<div><span>เวลาทำการอาจแตกต่างกันไป</span></div>, วันจันทร์<div>(วันคล้ายวันสวรรคตพระบาทสมเด็จพระบรมชนกาธิเบศร มหาภูมิพลอดุลยเดชมหาราช บรมนาถบพิตร (วันหยุดชดเชย))</div> 9:00–1:00<div><span>เวลาทำการอาจแตกต่างกันไป</span></div>, วันอังคาร 9:00–1:00,","","Yes","No","No","No","No","","","","","","","https://lh5.googleusercontent.com/p/AF1QipNcAi3uPtgCI11jqJN2ctPFKHmPTLo51G-LRwxP","3292253432669013378","","","http://maps.google.com/maps/place?cid=3292253432669013378","","","","",""
"96 Highship","750 อำเภอหาดใหญ่ สงขลา 90110","0819630529","","","","",""," วันพุธ 9:00–17:00, วันพฤหัสบดี 9:00–17:00, วันศุกร์ 9:00–17:00, วันเสาร์ 9:00–17:00, วันอาทิตย์<div>(วันคล้ายวันสวรรคตพระบาทสมเด็จพระบรมชนกาธิเบศร มหาภูมิพลอดุลยเดชมหาราช บรมนาถบพิตร)</div> 9:00–18:00<div><span>เวลาทำการอาจแตกต่างกันไป</span></div>, วันจันทร์<div>(วันคล้ายวันสวรรคตพระบาทสมเด็จพระบรมชนกาธิเบศร มหาภูมิพลอดุลยเดชมหาราช บรมนาถบพิตร (วันหยุดชดเชย))</div> 9:00–17:00<div><span>เวลาทำการอาจแตกต่างกันไป</span></div>, วันอังคาร 9:00–17:00,","","Yes","No","No","No","No","","","","","","","https://lh5.googleusercontent.com/p/","14860381810040818569","7.022830900000001","100.4991697","http://maps.google.com/maps/place?cid=14860381810040818569","","","","",""
"Wolf tea หาดใหญ่","20 ถนน พลพิชัย ตำบล หาดใหญ่ อำเภอหาดใหญ่ สงขลา 90110","0826317546","ร้านกาแฟ","","5.0","1",""," วันพุธ 9:00–21:00, วันพฤหัสบดี 9:00–21:00, วันศุกร์ 9:00–21:00, วันเสาร์ 9:00–21:00, วันอาทิตย์<div>(วันคล้ายวันสวรรคตพระบาทสมเด็จพระบรมชนกาธิเบศร มหาภูมิพลอดุลยเดชมหาราช บรมนาถบพิตร)</div> 9:00–21:00<div><span>เวลาทำการอาจแตกต่างกันไป</span></div>, วันจันทร์<div>(วันคล้ายวันสวรรคตพระบาทสมเด็จพระบรมชนกาธิเบศร มหาภูมิพลอดุลยเดชมหาราช บรมนาถบพิตร (วันหยุดชดเชย))</div> 9:00–21:00<div><span>เวลาทำการอาจแตกต่างกันไป</span></div>, วันอังคาร 9:00–21:00,","","Yes","No","No","No","No","ชา เข้มขนมากครับ รักเลย","ได้รับ 5.0 จาก 5 ดาว,","","","","","https://lh5.googleusercontent.com/p/AF1QipNgF9jl7ITk6dBuHGlTa0392K2LmQ3QREoWS1Gl","11214302282416320109","6.9940776","100.46450370000001","http://maps.google.com/maps/place?cid=11214302282416320109","","","","",""
"Underground empire","โรงแรมอินทรา 94 ถ. ธรรมนูญวิถี สงขลา 90110","0809362999","ร้านดอกไม้แห้งในเทศบาลนครหาดใหญ่","","4.9","84",""," วันพุธ 12:00–0:00, วันพฤหัสบดี 12:00–0:00, วันศุกร์ 12:00–0:00, วันเสาร์ 12:00–0:00, วันอาทิตย์<div>(วันคล้ายวันสวรรคตพระบาทสมเด็จพระบรมชนกาธิเบศร มหาภูมิพลอดุลยเดชมหาราช บรมนาถบพิตร)</div> 12:00–0:00<div><span>เวลาทำการอาจแตกต่างกันไป</span></div>, วันจันทร์<div>(วันคล้ายวันสวรรคตพระบาทสมเด็จพระบรมชนกาธิเบศร มหาภูมิพลอดุลยเดชมหาราช บรมนาถบพิตร (วันหยุดชดเชย))</div> 12:00–0:00<div><span>เวลาทำการอาจแตกต่างกันไป</span></div>, วันอังคาร 12:00–0:00,","","Yes","No","No","No","No","บรรยากาศดี นั่งสบายๆ เจ้าของร้านเป็นกันเองมาก","ได้รับ 5.0 จาก 5 ดาว,","ถือเป็นการบริการที่ดีมาก พนักงานพูดเพราะและเป็นกันเองมากครับ รัก💚💚💚","ได้รับ 5.0 จาก 5 ดาว,","","","https://lh5.googleusercontent.com/p/","15937438895458122063","","","http://maps.google.com/maps/place?cid=15937438895458122063","","","","",""
"Stoned Master (สโตน มาสเตอร์)","336 7 ซอย 14 ตำบล หาดใหญ่ อำเภอหาดใหญ่ สงขลา 90110","0808259293","ร้านขายกัญชาในเทศบาลนครหาดใหญ่","","4.8","25",""," วันพุธ 9:00–3:00, วันพฤหัสบดี 9:00–3:00, วันศุกร์ 9:00–3:00, วันเสาร์ 9:00–3:00, วันอาทิตย์<div>(วันคล้ายวันสวรรคตพระบาทสมเด็จพระบรมชนกาธิเบศร มหาภูมิพลอดุลยเดชมหาราช บรมนาถบพิตร)</div> 9:00–3:00<div><span>เวลาทำการอาจแตกต่างกันไป</span></div>, วันจันทร์<div>(วันคล้ายวันสวรรคตพระบาทสมเด็จพระบรมชนกาธิเบศร มหาภูมิพลอดุลยเดชมหาราช บรมนาถบพิตร (วันหยุดชดเชย))</div> 9:00–3:00<div><span>เวลาทำการอาจแตกต่างกันไป</span></div>, วันอังคาร 9:00–3:00,","","Yes","No","No","No","No","กัญเลยทีเดียว มาที่นี่ครบจบพร้อม High 😌","ได้รับ 4.0 จาก 5 ดาว,","เป็นกัญเอง เปิด ปสก.ใหม่ๆมากก","ได้รับ 5.0 จาก 5 ดาว,","","","https://lh5.googleusercontent.com/p/AF1QipO9vhz8gzv2NbAqQfHIOcDT5BPVGdwVKJ9vwVOU","1973139328587813837","6.9904915999999995","100.4647655","http://maps.google.com/maps/place?cid=1973139328587813837","","","","",""
"A Weed Cannabis Stores HDY","104 ถนน ศุภสารรังสรรค์ ตำบล หาดใหญ่ อำเภอหาดใหญ่ สงขลา 90110","0649010808","ร้านขายกัญชาในเทศบาลนครหาดใหญ่","","5.0","26",""," วันพุธ ปิดทำการ, วันพฤหัสบดี 13:00–21:00, วันศุกร์ 13:00–21:00, วันเสาร์ 13:00–21:00, วันอาทิตย์<div>(วันคล้ายวันสวรรคตพระบาทสมเด็จพระบรมชนกาธิเบศร มหาภูมิพลอดุลยเดชมหาราช บรมนาถบพิตร)</div> 13:00–21:00<div><span>เวลาทำการอาจแตกต่างกันไป</span></div>, วันจันทร์<div>(วันคล้ายวันสวรรคตพระบาทสมเด็จพระบรมชนกาธิเบศร มหาภูมิพลอดุลยเดชมหาราช บรมนาถบพิตร (วันหยุดชดเชย))</div> 13:00–21:00<div><span>เวลาทำการอาจแตกต่างกันไป</span></div>, วันอังคาร ปิดทำการ,","","Yes","No","No","No","No","","","","","","","https://lh5.googleusercontent.com/p/","11794791190748247020","7.0081568","100.4716113","http://maps.google.com/maps/place?cid=11794791190748247020","","","","",""
"Happy Sleep","153 ถนน รัตนอุทิศ ซอย 14 ตำบล หาดใหญ่ อำเภอหาดใหญ่ สงขลา 90110","0815164627","","","","",""," วันพุธ เปิด 24 ชั่วโมง, วันพฤหัสบดี เปิด 24 ชั่วโมง, วันศุกร์ เปิด 24 ชั่วโมง, วันเสาร์ เปิด 24 ชั่วโมง, วันอาทิตย์<div>(วันคล้ายวันสวรรคตพระบาทสมเด็จพระบรมชนกาธิเบศร มหาภูมิพลอดุลยเดชมหาราช บรมนาถบพิตร)</div> เปิด 24 ชั่วโมง<div><span>เวลาทำการอาจแตกต่างกันไป</span></div>, วันจันทร์<div>(วันคล้ายวันสวรรคตพระบาทสมเด็จพระบรมชนกาธิเบศร มหาภูมิพลอดุลยเดชมหาราช บรมนาถบพิตร (วันหยุดชดเชย))</div> เปิด 24 ชั่วโมง<div><span>เวลาทำการอาจแตกต่างกันไป</span></div>, วันอังคาร เปิด 24 ชั่วโมง,","","Yes","No","No","No","No","","","","","","","https://lh5.googleusercontent.com/p/AF1QipNuxvNpwtRoaSoYG924uLGijwIskap3O8b4bIRR","17613897281206799532","7.0172037","100.45834409999999","http://maps.google.com/maps/place?cid=17613897281206799532","","","","",""
"Uncle Green Farmer","ร้านอาหารป่ายาง ร้านก๋วยเตี๋ยวถนัดศรี 564 ถ. ธรรมนูญวิถี ตำบล หาดใหญ่ อำเภอหาดใหญ่ สงขลา 90110","0946594549","ร้านขายกัญชาในเทศบาลนครหาดใหญ่","","5.0","36",""," วันพุธ 13:00–2:00, วันพฤหัสบดี 13:00–2:00, วันศุกร์ 13:00–2:00, วันเสาร์ 13:00–2:00, วันอาทิตย์<div>(วันคล้ายวันสวรรคตพระบาทสมเด็จพระบรมชนกาธิเบศร มหาภูมิพลอดุลยเดชมหาราช บรมนาถบพิตร)</div> 18:00–2:00<div><span>เวลาทำการอาจแตกต่างกันไป</span></div>, วันจันทร์<div>(วันคล้ายวันสวรรคตพระบาทสมเด็จพระบรมชนกาธิเบศร มหาภูมิพลอดุลยเดชมหาราช บรมนาถบพิตร (วันหยุดชดเชย))</div> 13:00–2:00<div><span>เวลาทำการอาจแตกต่างกันไป</span></div>, วันอังคาร 13:00–2:00,","Welcome to Unclegreenfarmer, your premier destination for high-quality cannabis products in hatyai. Our shop is dedicated to providing a safe, welcoming environment where both seasoned enthusiasts and newcomers can explore our extensive selection of...แสดงเพิ่ม","Yes","No","No","No","No","ร้านฟีลดี นั่งชิวมากครับพี่ พ่อค้าเป็นกันเองมากครับ","ได้รับ 5.0 จาก 5 ดาว,","ถ้าเล่นกัญชาต้องมาร้านนี้เท่านั้นดีทีสุด บรรยากาศในร้านฟีลป่าในเมือง","ได้รับ 5.0 จาก 5 ดาว,","เนื้อเกรดดีมากครับ มาที่นี้ไม่มีผิดหวังครับ❤️","ได้รับ 5.0 จาก 5 ดาว,","https://lh5.googleusercontent.com/p/","5699948836680243273","7.0048414","100.490234","http://maps.google.com/maps/place?cid=5699948836680243273","","","","",""
"Lab House - Cannabis Shop","117 หมู่ 1 ถ. คลองเตย - คลองเปล ซ. 4 ตำบล คอหงส์ อำเภอหาดใหญ่ สงขลา 90110","0855801751","ร้านขายกัญชาในตำบล คอหงส์","","5.0","8",""," วันพุธ 13:00–23:00, วันพฤหัสบดี 13:00–23:00, วันศุกร์ 13:00–23:00, วันเสาร์ 13:00–23:00, วันอาทิตย์<div>(วันคล้ายวันสวรรคตพระบาทสมเด็จพระบรมชนกาธิเบศร มหาภูมิพลอดุลยเดชมหาราช บรมนาถบพิตร)</div> 13:00–23:00<div><span>เวลาทำการอาจแตกต่างกันไป</span></div>, วันจันทร์<div>(วันคล้ายวันสวรรคตพระบาทสมเด็จพระบรมชนกาธิเบศร มหาภูมิพลอดุลยเดชมหาราช บรมนาถบพิตร (วันหยุดชดเชย))</div> 13:00–23:00<div><span>เวลาทำการอาจแตกต่างกันไป</span></div>, วันอังคาร 13:00–23:00,","Welcome to Lab House, where passion meets precision. Our shop proudly presents an exquisite selection of meticulously cultivated, high-quality cannabis products. From our self-grown treasures to carefully sourced gems, we offer you a journey of...แสดงเพิ่ม","Yes","No","No","No","No","น้องแมวน่ารักมากค่ะ 555 เจ้าของร้านสุภาพ ใจดี (ปล.แฟนเป็นคนซื้อ)","ได้รับ 5.0 จาก 5 ดาว,","ของดีมีคุณภาพ ราคาจับต้องได้","ได้รับ 5.0 จาก 5 ดาว,","ร้านบรรยากาศดีครับ ยันทุกทีที่กลับบ้าน💚💚","ได้รับ 5.0 จาก 5 ดาว,","https://lh5.googleusercontent.com/p/","17780741064593394857","7.0296937999999995","100.48694049999999","http://maps.google.com/maps/place?cid=17780741064593394857","","","","",""
"Cannabest weed shop hatyai","713 ถนน ราษฎร์อุทิศ ตำบล หาดใหญ่ อำเภอหาดใหญ่ สงขลา 90110","0882556198","ร้านขายกัญชาในเทศบาลนครหาดใหญ่","","5.0","9",""," วันพุธ 13:00–0:00, วันพฤหัสบดี 13:00–0:00, วันศุกร์ 13:00–0:00, วันเสาร์ 13:00–0:00, วันอาทิตย์<div>(วันคล้ายวันสวรรคตพระบาทสมเด็จพระบรมชนกาธิเบศร มหาภูมิพลอดุลยเดชมหาราช บรมนาถบพิตร)</div> 13:00–0:00<div><span>เวลาทำการอาจแตกต่างกันไป</span></div>, วันจันทร์<div>(วันคล้ายวันสวรรคตพระบาทสมเด็จพระบรมชนกาธิเบศร มหาภูมิพลอดุลยเดชมหาราช บรมนาถบพิตร (วันหยุดชดเชย))</div> 13:00–0:00<div><span>เวลาทำการอาจแตกต่างกันไป</span></div>, วันอังคาร 13:00–0:00,","","Yes","No","No","No","No","บรรยากาศดี สินค้าดี พี่น้องกันเอง สบายใจครับผม","ได้รับ 5.0 จาก 5 ดาว,","ของดี มีคุณภาพ ราคาโดนใจ","ได้รับ 5.0 จาก 5 ดาว,","แอร์เย็นสบายมากคับ เป็นกันเองมาก ดีสุดคับๆ","ได้รับ 5.0 จาก 5 ดาว,","https://lh5.googleusercontent.com/p/","17095264329613843255","7.020456599999999","100.45508749999999","http://maps.google.com/maps/place?cid=17095264329613843255","","","","",""
"Hotbox Hatyai","146 ถนน อนุสรณ์อาจารย์ทอง อำเภอหาดใหญ่ สงขลา 90110","0650747046","ร้านขายกัญชาในตำบล คลองแห","","4.5","11",""," วันพุธ 8:00–20:00, วันพฤหัสบดี 8:00–20:00, วันศุกร์ 8:00–20:00, วันเสาร์ 8:00–20:00, วันอาทิตย์<div>(วันคล้ายวันสวรรคตพระบาทสมเด็จพระบรมชนกาธิเบศร มหาภูมิพลอดุลยเดชมหาราช บรมนาถบพิตร)</div> 8:00–20:00<div><span>เวลาทำการอาจแตกต่างกันไป</span></div>, วันจันทร์<div>(วันคล้ายวันสวรรคตพระบาทสมเด็จพระบรมชนกาธิเบศร มหาภูมิพลอดุลยเดชมหาราช บรมนาถบพิตร (วันหยุดชดเชย))</div> 8:00–20:00<div><span>เวลาทำการอาจแตกต่างกันไป</span></div>, วันอังคาร 8:00–20:00,","","Yes","No","No","No","No","","","","","","","https://lh5.googleusercontent.com/p/AF1QipPlegf2poQtoFMoy239xG0FVt38XX2gaqL2qZXH","215691157339829105","7.0278867","100.4764277","http://maps.google.com/maps/place?cid=215691157339829105","","","","",""
"Craftzman hatyai","110 ถ. ประชาธิปัตย์ ตำบล หาดใหญ่ อำเภอหาดใหญ่ สงขลา 90110","0855879045","ร้านขายเนื้อ","","4.9","108",""," วันพุธ 12:00–1:00, วันพฤหัสบดี 12:00–1:00, วันศุกร์ 12:00–1:00, วันเสาร์ 12:00–1:00, วันอาทิตย์<div>(วันคล้ายวันสวรรคตพระบาทสมเด็จพระบรมชนกาธิเบศร มหาภูมิพลอดุลยเดชมหาราช บรมนาถบพิตร)</div> 12:00–1:00<div><span>เวลาทำการอาจแตกต่างกันไป</span></div>, วันจันทร์<div>(วันคล้ายวันสวรรคตพระบาทสมเด็จพระบรมชนกาธิเบศร มหาภูมิพลอดุลยเดชมหาราช บรมนาถบพิตร (วันหยุดชดเชย))</div> 12:00–1:00<div><span>เวลาทำการอาจแตกต่างกันไป</span></div>, วันอังคาร 12:00–1:00,","","Yes","No","No","No","No","บรรยากาศดี ห้องน้ำสะอาด เจ้าของร้านร้องเพลงเพราะ","ได้รับ 5.0 จาก 5 ดาว,","กัญชาที่ดีที่สุดในไทย","ได้รับ 5.0 จาก 5 ดาว,","แอร์เย็นมากgrape stank คือ the best","ได้รับ 5.0 จาก 5 ดาว,","https://lh5.googleusercontent.com/p/","14752690443658278245","7.006762600000001","100.473738","http://maps.google.com/maps/place?cid=14752690443658278245","","","","",""
"GreenRush Hatyai (Cannabis Dispensary / Weed Store)","40 ถ. ธรรมนูญวิถี ตำบล หาดใหญ่ Hatyai, สงขลา 90110","0959678655","ร้านขายกัญชาในเทศบาลนครหาดใหญ่","","5.0","221",""," วันพุธ 12:00–0:00, วันพฤหัสบดี 12:00–0:00, วันศุกร์ 12:00–0:00, วันเสาร์ 12:00–0:00, วันอาทิตย์<div>(วันคล้ายวันสวรรคตพระบาทสมเด็จพระบรมชนกาธิเบศร มหาภูมิพลอดุลยเดชมหาราช บรมนาถบพิตร)</div> 12:00–0:00<div><span>เวลาทำการอาจแตกต่างกันไป</span></div>, วันจันทร์<div>(วันคล้ายวันสวรรคตพระบาทสมเด็จพระบรมชนกาธิเบศร มหาภูมิพลอดุลยเดชมหาราช บรมนาถบพิตร (วันหยุดชดเชย))</div> 12:00–0:00<div><span>เวลาทำการอาจแตกต่างกันไป</span></div>, วันอังคาร 12:00–0:00,","","Yes","No","No","No","No","ร้านสวยมากกกกคนขายเป็นกันเองดูเเลดีรวมๆเเล้วดีทุกอย่าง","ได้รับ 5.0 จาก 5 ดาว,","บริการดี ลูกค่าน่ารัก","ได้รับ 5.0 จาก 5 ดาว,","ร้านดูดีมากครับ ของเยอะมาก ฟิลดีสุดๆ","ได้รับ 5.0 จาก 5 ดาว,","https://lh5.googleusercontent.com/p/AF1QipPn9RfBSFIJfF8U00B60uLlDJvHporjBxzzBTsn","9198332635519055185","7.0042919","100.469644","http://maps.google.com/maps/place?cid=9198332635519055185","","","","",""
"Royyim Cannabis store Songkhla city","483 ถ. ไทรบุรี ตำบลบ่อยาง เมือง สงขลา 90000","0992592428","ร้านขายกัญชาในเทศบาลนครสงขลา","","5.0","14",""," วันพุธ เปิด 24 ชั่วโมง, วันพฤหัสบดี เปิด 24 ชั่วโมง, วันศุกร์ เปิด 24 ชั่วโมง, วันเสาร์ เปิด 24 ชั่วโมง, วันอาทิตย์<div>(วันคล้ายวันสวรรคตพระบาทสมเด็จพระบรมชนกาธิเบศร มหาภูมิพลอดุลยเดชมหาราช บรมนาถบพิตร)</div> เปิด 24 ชั่วโมง<div><span>เวลาทำการอาจแตกต่างกันไป</span></div>, วันจันทร์<div>(วันคล้ายวันสวรรคตพระบาทสมเด็จพระบรมชนกาธิเบศร มหาภูมิพลอดุลยเดชมหาราช บรมนาถบพิตร (วันหยุดชดเชย))</div> เปิด 24 ชั่วโมง<div><span>เวลาทำการอาจแตกต่างกันไป</span></div>, วันอังคาร เปิด 24 ชั่วโมง,","","Yes","No","No","No","No","แม่ค้าเป็นกันเองมากครับ บริการดี","ได้รับ 5.0 จาก 5 ดาว,","กัญชาดีราคาเป็นกันเอง พ่อค้าน่ารักๆ😁","ได้รับ 5.0 จาก 5 ดาว,","","","https://lh5.googleusercontent.com/p/","11501508640798380738","7.1867144000000005","100.59950119999999","http://maps.google.com/maps/place?cid=11501508640798380738","","","","",""
"Roll with it Cannabis Shop","99 ถนน จุติอนุสรณ์ ตำบล หาดใหญ่ อำเภอหาดใหญ่ สงขลา 90110","0835927777","ร้านขายกัญชาในเทศบาลนครหาดใหญ่","","5.0","13",""," วันพุธ 12:00–0:00, วันพฤหัสบดี 12:00–0:00, วันศุกร์ 12:00–0:00, วันเสาร์ 12:00–0:00, วันอาทิตย์<div>(วันคล้ายวันสวรรคตพระบาทสมเด็จพระบรมชนกาธิเบศร มหาภูมิพลอดุลยเดชมหาราช บรมนาถบพิตร)</div> 12:00–0:00<div><span>เวลาทำการอาจแตกต่างกันไป</span></div>, วันจันทร์<div>(วันคล้ายวันสวรรคตพระบาทสมเด็จพระบรมชนกาธิเบศร มหาภูมิพลอดุลยเดชมหาราช บรมนาถบพิตร (วันหยุดชดเชย))</div> 12:00–0:00<div><span>เวลาทำการอาจแตกต่างกันไป</span></div>, วันอังคาร 12:00–0:00,","Come and puff with us. We are the best cannabis shop in Hatyai. Fully equipped, variety of strains and private rooms available. Experienced-friendly Budtenders. Easy to find us. Convenient parking space. Roll with us. Safe and highRoll with it...แสดงเพิ่ม","Yes","No","No","No","No","แวะมาลองมาเติมกันได้เลยครับของดีมาก","ได้รับ 5.0 จาก 5 ดาว,","พนักงานให้บริการดีมากค่ะ","ได้รับ 5.0 จาก 5 ดาว,","เชิญมาลองเปิดประสบการณ์ครั้งใหม่ให้ตัวเอง เจอกัญที่ Roll with it #CanabisHatYai","ได้รับ 5.0 จาก 5 ดาว,","https://lh5.googleusercontent.com/p/AF1QipPLF8exe3ski3dNMOkLtVA7CmNe7S2PaYoaJug","11109227184652629742","7.013204399999999","100.47637309999999","http://maps.google.com/maps/place?cid=11109227184652629742","","","","",""
"Deep and Roll Cannabis Shop","187 ถนน พลพิชัย ตำบล หาดใหญ่ อำเภอหาดใหญ่ สงขลา 90110","0612396416","","","","","","","","Yes","No","No","No","No","","","","","","","https://lh5.googleusercontent.com/p/","17032359066948129595","6.989757399999999","100.46577359999999","http://maps.google.com/maps/place?cid=17032359066948129595","","","","",""
"SGAW Cosmic Flowers Cannabis weed Shop","5 ถนน ฉัยยากุล ตำบล หาดใหญ่ อำเภอหาดใหญ่ สงขลา 90110","0929992253","ร้านดอกไม้แห้งในเทศบาลนครหาดใหญ่","","5.0","27",""," วันพุธ 18:30–23:00, วันพฤหัสบดี 18:30–23:00, วันศุกร์ 18:30–23:00, วันเสาร์ 18:30–23:00, วันอาทิตย์<div>(วันคล้ายวันสวรรคตพระบาทสมเด็จพระบรมชนกาธิเบศร มหาภูมิพลอดุลยเดชมหาราช บรมนาถบพิตร)</div> 18:30–23:00<div><span>เวลาทำการอาจแตกต่างกันไป</span></div>, วันจันทร์<div>(วันคล้ายวันสวรรคตพระบาทสมเด็จพระบรมชนกาธิเบศร มหาภูมิพลอดุลยเดชมหาราช บรมนาถบพิตร (วันหยุดชดเชย))</div> 18:30–23:00<div><span>เวลาทำการอาจแตกต่างกันไป</span></div>, วันอังคาร 18:30–23:00,","","Yes","No","No","No","No","ของดี มีคุณภาพ ราคาจับต้องได้","ได้รับ 5.0 จาก 5 ดาว,","ห้องทดลองวิทยาศาสตร์ สีม่วง 🍀✨🔮","ได้รับ 5.0 จาก 5 ดาว,","เจ้าของร้านน่ารัก แนะนำดี","ได้รับ 5.0 จาก 5 ดาว,","https://lh5.googleusercontent.com/p/AF1QipPt-JY3muEUYPMRJm-O6DEnlldEXd0X98UfUTul","12424130059661387818","7.0029778","100.47418400000001","http://maps.google.com/maps/place?cid=12424130059661387818","","","","",""
"Double U Cannabis Dispensary","724, 1 Soi Thaveerat, ตำบล คอหงส์ อำเภอหาดใหญ่ สงขลา 90110","0611377915","ร้านขายกัญชาในตำบล คอหงส์","","5.0","75",""," วันพุธ 15:00–0:00, วันพฤหัสบดี 15:00–0:00, วันศุกร์ 15:00–0:00, วันเสาร์ 15:00–0:00, วันอาทิตย์<div>(วันคล้ายวันสวรรคตพระบาทสมเด็จพระบรมชนกาธิเบศร มหาภูมิพลอดุลยเดชมหาราช บรมนาถบพิตร)</div> 15:00–0:00<div><span>เวลาทำการอาจแตกต่างกันไป</span></div>, วันจันทร์<div>(วันคล้ายวันสวรรคตพระบาทสมเด็จพระบรมชนกาธิเบศร มหาภูมิพลอดุลยเดชมหาราช บรมนาถบพิตร (วันหยุดชดเชย))</div> 15:00–0:00<div><span>เวลาทำการอาจแตกต่างกันไป</span></div>, วันอังคาร 15:00–0:00,","","Yes","No","No","No","No","ร้านน่ารัก บรรยากาศดี เจ้าของบริการเป็นกันเองมาก 👍","ได้รับ 5.0 จาก 5 ดาว,","บรรยากาศร้านดีมากครับพี่คนขายใจดีมากไปครับ","ได้รับ 5.0 จาก 5 ดาว,","ร้านนี้ผมยกให้เลยเรื่องกัญชายัณถึงดวงดาวเลยครับพี่น้อง 4:20 😮‍💨🍀💫🌀","ได้รับ 5.0 จาก 5 ดาว,","https://lh5.googleusercontent.com/p/","18342508205156740596","6.994729500000001","100.5033249","http://maps.google.com/maps/place?cid=18342508205156740596","","","","",""
"Bottoms Up by weed 420","92 5 ถนน เสน่หานุสรณ์ ตำบล หาดใหญ่ อำเภอหาดใหญ่ สงขลา 90110","0894687225","ร้านขายกัญชาในเทศบาลนครหาดใหญ่","","4.9","48",""," วันพุธ 18:00–0:00, วันพฤหัสบดี 18:00–0:00, วันศุกร์ 18:00–0:00, วันเสาร์ 18:00–0:00, วันอาทิตย์<div>(วันคล้ายวันสวรรคตพระบาทสมเด็จพระบรมชนกาธิเบศร มหาภูมิพลอดุลยเดชมหาราช บรมนาถบพิตร)</div> 18:00–0:00<div><span>เวลาทำการอาจแตกต่างกันไป</span></div>, วันจันทร์<div>(วันคล้ายวันสวรรคตพระบาทสมเด็จพระบรมชนกาธิเบศร มหาภูมิพลอดุลยเดชมหาราช บรมนาถบพิตร (วันหยุดชดเชย))</div> 18:00–0:00<div><span>เวลาทำการอาจแตกต่างกันไป</span></div>, วันอังคาร 18:00–0:00,","","Yes","No","No","No","No","บรรยากาศดี ราคาดีครับ หม่าล่าอร่อย...มากครับร้านนี้","ได้รับ 5.0 จาก 5 ดาว,","นั่งสบายชิลๆ เป็นกันเอง กับแกล้มอร่อย ดนตรีเพราะยุค 90","ได้รับ 5.0 จาก 5 ดาว,","เบียร์ดีมากกก เจ้าของร้านน่ารัก บรรกาศเริ่ด ทำถึงมากกกก","ได้รับ 5.0 จาก 5 ดาว,","https://lh5.googleusercontent.com/p/AF1QipNKNc8XpH3MIUjF9if96VRprxtQPvyFoRgWxJ5p","6004847460282001738","7.001209599999999","100.47220539999999","http://maps.google.com/maps/place?cid=6004847460282001738","","","","",""
"GreenWeedzard","226 ถนน นิพัทธ์อุทิศ 1 ตำบล หาดใหญ่ อำเภอหาดใหญ่ สงขลา 90110","","","","","","","","","Yes","No","No","No","No","","","","","","","https://lh5.googleusercontent.com/p/","12605403629137098184","7.0011814","100.4699036","http://maps.google.com/maps/place?cid=12605403629137098184","","","","",""
"Weed Hatyai Hop Bis II Cannabis Shop","12 ซอย ป.อุษานนท์ ตำบล หาดใหญ่ อำเภอหาดใหญ่ สงขลา 90110","0830549351","ร้านขายกัญชา","","5.0","88",""," วันพุธ 12:00–0:00, วันพฤหัสบดี 12:00–22:00, วันศุกร์ 12:00–0:00, วันเสาร์ 12:00–0:00, วันอาทิตย์<div>(วันคล้ายวันสวรรคตพระบาทสมเด็จพระบรมชนกาธิเบศร มหาภูมิพลอดุลยเดชมหาราช บรมนาถบพิตร)</div> 12:00–0:00<div><span>เวลาทำการอาจแตกต่างกันไป</span></div>, วันจันทร์<div>(วันคล้ายวันสวรรคตพระบาทสมเด็จพระบรมชนกาธิเบศร มหาภูมิพลอดุลยเดชมหาราช บรมนาถบพิตร (วันหยุดชดเชย))</div> 12:00–0:00<div><span>เวลาทำการอาจแตกต่างกันไป</span></div>, วันอังคาร 12:00–0:00,","","Yes","No","No","No","No","ของดี เมืองหาดใหญ่ครับ ราคาดี คนขายก็ดีกันเองสุดๆ","ได้รับ 5.0 จาก 5 ดาว,","ร้านบริการดีมากครับ สินค้าดีราคาไม่แพง","ได้รับ 5.0 จาก 5 ดาว,","ร้านดีบริการน่ารักพ่อค้าเป็นกันเองมามีน้องๆมาเอง","ได้รับ 5.0 จาก 5 ดาว,","https://lh5.googleusercontent.com/p/AF1QipPaF48abCCgNvX-sVLdhWYJv-NygngZZuew__t1","1529309525680448564","7.0048324","100.4712011","http://maps.google.com/maps/place?cid=1529309525680448564","","","","",""
"CRAFT 420","104 2 ถ. ประชาธิปัตย์ ตำบล หาดใหญ่ อำเภอหาดใหญ่ สงขลา 90110","0993192220","","","","",""," วันพุธ 16:00–0:00, วันพฤหัสบดี 16:00–0:00, วันศุกร์ 10:00–0:00, วันเสาร์ 10:00–0:00, วันอาทิตย์<div>(วันคล้ายวันสวรรคตพระบาทสมเด็จพระบรมชนกาธิเบศร มหาภูมิพลอดุลยเดชมหาราช บรมนาถบพิตร)</div> 10:00–0:00<div><span>เวลาทำการอาจแตกต่างกันไป</span></div>, วันจันทร์<div>(วันคล้ายวันสวรรคตพระบาทสมเด็จพระบรมชนกาธิเบศร มหาภูมิพลอดุลยเดชมหาราช บรมนาถบพิตร (วันหยุดชดเชย))</div> 16:00–0:00<div><span>เวลาทำการอาจแตกต่างกันไป</span></div>, วันอังคาร 16:00–0:00,","","Yes","No","No","No","No","","","","","","","https://lh5.googleusercontent.com/p/","16370298718855248972","7.0065653999999995","100.4735494","http://maps.google.com/maps/place?cid=16370298718855248972","","","","",""
"Get High 108","122 1 ถนน ทุ่งรี-โคกวัด ตำบล คอหงส์ อำเภอหาดใหญ่ สงขลา 90110","","","","","",""," วันพุธ 15:00–0:00, วันพฤหัสบดี 15:00–0:00, วันศุกร์ 15:00–0:00, วันเสาร์ 15:00–0:00, วันอาทิตย์<div>(วันคล้ายวันสวรรคตพระบาทสมเด็จพระบรมชนกาธิเบศร มหาภูมิพลอดุลยเดชมหาราช บรมนาถบพิตร)</div> 15:00–0:00<div><span>เวลาทำการอาจแตกต่างกันไป</span></div>, วันจันทร์<div>(วันคล้ายวันสวรรคตพระบาทสมเด็จพระบรมชนกาธิเบศร มหาภูมิพลอดุลยเดชมหาราช บรมนาถบพิตร (วันหยุดชดเชย))</div> 15:00–0:00<div><span>เวลาทำการอาจแตกต่างกันไป</span></div>, วันอังคาร 15:00–0:00,","","Yes","No","No","No","No","","","","","","","https://lh5.googleusercontent.com/p/AF1QipP1ZZ3VSdQyoN0MX7r_AxW65rt3o9Ff7UcKIP8f","12229139199641724912","7.0006888","100.5010551","http://maps.google.com/maps/place?cid=12229139199641724912","","","","",""
"เเพทย์เเผนไทย โรงพยาบาลหาดใหญ่","2F8C+R54 ตำบล หาดใหญ่ อำเภอหาดใหญ่ สงขลา 90110","074273240","ร้านนวดแผนไทยในเทศบาลนครหาดใหญ่","","4.6","30",""," วันพุธ 9:00–18:00, วันพฤหัสบดี 9:00–18:00, วันศุกร์ 9:00–18:00, วันเสาร์ 9:00–18:00, วันอาทิตย์<div>(วันคล้ายวันสวรรคตพระบาทสมเด็จพระบรมชนกาธิเบศร มหาภูมิพลอดุลยเดชมหาราช บรมนาถบพิตร)</div> 9:00–18:00<div><span>เวลาทำการอาจแตกต่างกันไป</span></div>, วันจันทร์<div>(วันคล้ายวันสวรรคตพระบาทสมเด็จพระบรมชนกาธิเบศร มหาภูมิพลอดุลยเดชมหาราช บรมนาถบพิตร (วันหยุดชดเชย))</div> 9:00–18:00<div><span>เวลาทำการอาจแตกต่างกันไป</span></div>, วันอังคาร 9:00–18:00,","","Yes","No","No","No","No","หมอนวดควรปรับปรุง,ใส่ใจการนวดให้มากขึ้น","ได้รับ 3.0 จาก 5 ดาว,","การบริการด้านนวดดีแต่เครื่องแต่งกายเสื้อผ้าไม่ผ่าน","ได้รับ 3.0 จาก 5 ดาว,","นวดแผนไทยด้วยผู้ชำนาญ มีความรู้","ได้รับ 5.0 จาก 5 ดาว,","https://lh5.googleusercontent.com/p/","9657589242340053006","7.0170311000000005","100.4705001","http://maps.google.com/maps/place?cid=9657589242340053006","","","","",""
"Pink Chocolate Studio & Cannabis","4/21, Jiranakorn Road, Hat Yai อำเภอหาดใหญ่, Chang Wat, Hatyai, สงขลา 90110","0650747046","ร้านขายกัญชา","","5.0","6",""," วันพุธ 8:00–0:00, วันพฤหัสบดี 8:00–0:00, วันศุกร์ 8:00–0:00, วันเสาร์ 8:00–0:00, วันอาทิตย์<div>(วันคล้ายวันสวรรคตพระบาทสมเด็จพระบรมชนกาธิเบศร มหาภูมิพลอดุลยเดชมหาราช บรมนาถบพิตร)</div> 8:00–0:00<div><span>เวลาทำการอาจแตกต่างกันไป</span></div>, วันจันทร์<div>(วันคล้ายวันสวรรคตพระบาทสมเด็จพระบรมชนกาธิเบศร มหาภูมิพลอดุลยเดชมหาราช บรมนาถบพิตร (วันหยุดชดเชย))</div> 9:00–0:00<div><span>เวลาทำการอาจแตกต่างกันไป</span></div>, วันอังคาร 8:00–0:00,","","Yes","No","No","No","No","สินค้าสวย ตรงปก ราคาไม่แพงค่ะ","ได้รับ 5.0 จาก 5 ดาว,","สาย ฝ. ต้องร้านนี้ไม่ผิดหวังแน่นอน😍😍😍","ได้รับ 5.0 จาก 5 ดาว,","","","https://lh5.googleusercontent.com/p/AF1QipP8bZ7xDshjY5aSz9J5sxD590gKK7YuJilgqKmw","14106678828496152521","7.013952","100.47672779999999","http://maps.google.com/maps/place?cid=14106678828496152521","","","","",""
"Weed Connection Hatyai By Craft420","104 2 ถ. ประชาธิปัตย์ ตำบล หาดใหญ่ อำเภอหาดใหญ่ สงขลา 90110","0993192220","ร้านขายกัญชา","","4.8","29",""," วันพุธ 16:00–0:00, วันพฤหัสบดี 16:00–0:00, วันศุกร์ 10:00–0:00, วันเสาร์ 10:00–0:00, วันอาทิตย์<div>(วันคล้ายวันสวรรคตพระบาทสมเด็จพระบรมชนกาธิเบศร มหาภูมิพลอดุลยเดชมหาราช บรมนาถบพิตร)</div> 10:00–0:00<div><span>เวลาทำการอาจแตกต่างกันไป</span></div>, วันจันทร์<div>(วันคล้ายวันสวรรคตพระบาทสมเด็จพระบรมชนกาธิเบศร มหาภูมิพลอดุลยเดชมหาราช บรมนาถบพิตร (วันหยุดชดเชย))</div> 16:00–0:00<div><span>เวลาทำการอาจแตกต่างกันไป</span></div>, วันอังคาร 16:00–0:00,","","Yes","No","No","No","No","คุ้กกี้อร่อย ของดีมีคุณภาพครับ น้องๆบริการดียิ้มแย้มทุกคน ประทับใจครับ","ได้รับ 5.0 จาก 5 ดาว,","น้องๆบริการดีมากๆ ให้คำแนะนำอย่างดี ชอบคุ้กกี้มากๆค่ะ","ได้รับ 5.0 จาก 5 ดาว,","","","https://lh5.googleusercontent.com/p/","8690733704640560327","7.0065773","100.47349009999999","http://maps.google.com/maps/place?cid=8690733704640560327","","","","",""
"คานาบิ (CANABI CO.,LTD) ปลูก สกัด จำหน่าย กัญชาถูกกฎหมาย","บริษัท คานาบิ จำกัด 27 หมู่1 ซอยชัยชนะสงคราม ตำบล ควนลัง อำเภอหาดใหญ่ สงขลา 90110","0952416361","ตลาดเกษตรกรในตำบล ควนลัง","","5.0","2",""," วันพุธ 9:00–17:00, วันพฤหัสบดี 9:00–17:00, วันศุกร์ 9:00–17:00, วันเสาร์ 9:00–17:00, วันอาทิตย์<div>(วันคล้ายวันสวรรคตพระบาทสมเด็จพระบรมชนกาธิเบศร มหาภูมิพลอดุลยเดชมหาราช บรมนาถบพิตร)</div> ปิดทำการ, วันจันทร์<div>(วันคล้ายวันสวรรคตพระบาทสมเด็จพระบรมชนกาธิเบศร มหาภูมิพลอดุลยเดชมหาราช บรมนาถบพิตร (วันหยุดชดเชย))</div> 9:00–17:00<div><span>เวลาทำการอาจแตกต่างกันไป</span></div>, วันอังคาร 9:00–17:00,","บริษัท คานาบิ จำกัด ฟาร์มกัญชาถูกกฎหมาย mou ร่วมกับมหาวิทยาลัยสงขลานครินทร์- จำหน่ายวัสดุปลูก เมล็ด ต้นพันธุ์กัญชา ใบ ลำต้น ราก ช่อดอก ครบวงจร- รับสกัดน้ำมันกัญชา และรับตัวแทนจำหน่ายสินค้าจำนวนจำกัด- รับให้คำปรึกษา...แสดงเพิ่ม","Yes","No","No","No","No","","","","","","","https://lh5.googleusercontent.com/p/AF1QipOeoTMcdb_fMIWPwOMFfGGR5ytML7O1FLvhS1DT","16125734949431755098","6.9573509","100.4261438","http://maps.google.com/maps/place?cid=16125734949431755098","","","","",""
"บริษัท ยูนิฟาย คอนสตรัคชั่น จำกัด","243, 244-245 ถ. ประชาธิปัตย์ ตำบล หาดใหญ่ อำเภอหาดใหญ่ สงขลา 90110","","","","","",""," วันพุธ 8:30–18:00, วันพฤหัสบดี 8:30–18:00, วันศุกร์ 8:30–18:00, วันเสาร์ 8:30–18:00, วันอาทิตย์<div>(วันคล้ายวันสวรรคตพระบาทสมเด็จพระบรมชนกาธิเบศร มหาภูมิพลอดุลยเดชมหาราช บรมนาถบพิตร)</div> 10:00–18:00<div><span>เวลาทำการอาจแตกต่างกันไป</span></div>, วันจันทร์<div>(วันคล้ายวันสวรรคตพระบาทสมเด็จพระบรมชนกาธิเบศร มหาภูมิพลอดุลยเดชมหาราช บรมนาถบพิตร (วันหยุดชดเชย))</div> 8:30–18:00<div><span>เวลาทำการอาจแตกต่างกันไป</span></div>, วันอังคาร 8:30–18:00,","","Yes","No","No","No","No","","","","","","","https://lh5.googleusercontent.com/p/","1774760757309108580","7.0080122","100.47529779999999","http://maps.google.com/maps/place?cid=1774760757309108580","","","","",""
"ชากัญ By. mew#คลองร.1 หาดใหญ่","XFP3+VMV ซอย 15 สัมพันธชิต ตำบล ควนลัง อำเภอหาดใหญ่ สงขลา 90110","0993579042","","","","","","","","Yes","No","No","No","No","","","","","","","https://lh5.googleusercontent.com/p/AF1QipPi_HXXYfqqvwIC451t6T7Jvgmpl8uET7mUf4Yu","6747651132453360544","6.9872445","100.45418730000002","http://maps.google.com/maps/place?cid=6747651132453360544","","","","",""
"บ้านผักขมอารมณ์ดี","69 หมู่ที่ 2 ถนน เพชรเกษม 38 ตำบล ควนลัง อำเภอหาดใหญ่ สงขลา 90110","0927214961","","","","",""," วันพุธ เปิด 24 ชั่วโมง, วันพฤหัสบดี เปิด 24 ชั่วโมง, วันศุกร์ เปิด 24 ชั่วโมง, วันเสาร์ เปิด 24 ชั่วโมง, วันอาทิตย์<div>(วันคล้ายวันสวรรคตพระบาทสมเด็จพระบรมชนกาธิเบศร มหาภูมิพลอดุลยเดชมหาราช บรมนาถบพิตร)</div> เปิด 24 ชั่วโมง<div><span>เวลาทำการอาจแตกต่างกันไป</span></div>, วันจันทร์<div>(วันคล้ายวันสวรรคตพระบาทสมเด็จพระบรมชนกาธิเบศร มหาภูมิพลอดุลยเดชมหาราช บรมนาถบพิตร (วันหยุดชดเชย))</div> เปิด 24 ชั่วโมง<div><span>เวลาทำการอาจแตกต่างกันไป</span></div>, วันอังคาร เปิด 24 ชั่วโมง,","","Yes","No","No","No","No","","","","","","","https://lh5.googleusercontent.com/p/","11156136131279591196","7.0029349","100.44041759999999","http://maps.google.com/maps/place?cid=11156136131279591196","","","","",""
"Batnaherb Cannabis store สาขา หน้า วค. (ร้านกัญชา)","50 18 ถ. กาญจนวนิช ตำบล เขารูปช้าง เมือง สงขลา 90000","0641284850","ร้านขายกัญชาในตำบล เขารูปช้าง","","5.0","61",""," วันพุธ 9:30–0:30, วันพฤหัสบดี 9:30–0:00, วันศุกร์ 9:30–0:30, วันเสาร์ 9:30–0:30, วันอาทิตย์<div>(วันคล้ายวันสวรรคตพระบาทสมเด็จพระบรมชนกาธิเบศร มหาภูมิพลอดุลยเดชมหาราช บรมนาถบพิตร)</div> 9:30–0:30<div><span>เวลาทำการอาจแตกต่างกันไป</span></div>, วันจันทร์<div>(วันคล้ายวันสวรรคตพระบาทสมเด็จพระบรมชนกาธิเบศร มหาภูมิพลอดุลยเดชมหาราช บรมนาถบพิตร (วันหยุดชดเชย))</div> 9:30–0:30<div><span>เวลาทำการอาจแตกต่างกันไป</span></div>, วันอังคาร 9:30–0:30,","","Yes","No","No","No","No","พ่อค่าเป็นกันเองบลูกัสก็น่ารักมากๆครับ","ได้รับ 5.0 จาก 5 ดาว,","ของเขาดีจริงๆ ราคาถูก โปรโมชั่นเพียบ","ได้รับ 5.0 จาก 5 ดาว,","โปรวัดเกิดดูดฟรี1gค้าบ","ได้รับ 5.0 จาก 5 ดาว,","https://lh5.googleusercontent.com/p/","15009506067429186562","7.1716","100.612335","http://maps.google.com/maps/place?cid=15009506067429186562","","","","",""
"Triple B Barber and Tattoo and Cannabis","5 ถนน กุลวัฒน์อุทิศ 2 ตำบล หาดใหญ่ อำเภอหาดใหญ่ สงขลา 90110","0897333161","ร้านทำผมบุรุษในเทศบาลนครหาดใหญ่","","4.9","8",""," วันพุธ 11:00–20:00, วันพฤหัสบดี 11:00–20:00, วันศุกร์ 11:00–20:00, วันเสาร์ 11:00–20:00, วันอาทิตย์<div>(วันคล้ายวันสวรรคตพระบาทสมเด็จพระบรมชนกาธิเบศร มหาภูมิพลอดุลยเดชมหาราช บรมนาถบพิตร)</div> 11:00–20:00<div><span>เวลาทำการอาจแตกต่างกันไป</span></div>, วันจันทร์<div>(วันคล้ายวันสวรรคตพระบาทสมเด็จพระบรมชนกาธิเบศร มหาภูมิพลอดุลยเดชมหาราช บรมนาถบพิตร (วันหยุดชดเชย))</div> 11:00–20:00<div><span>เวลาทำการอาจแตกต่างกันไป</span></div>, วันอังคาร 11:00–20:00,","","Yes","No","No","No","No","","","","","","","https://lh5.googleusercontent.com/p/","8792806100760065344","7.012338199999999","100.4785715","http://maps.google.com/maps/place?cid=8792806100760065344","","","","",""
"High and Stoned","148 ถนน โชติวิทยะกุล 5 ตำบล หาดใหญ่ HATYAI, สงขลา 90110","0902133636","ร้านกาแฟ","","5.0","57",""," วันพุธ 13:00–0:00, วันพฤหัสบดี 13:00–0:00, วันศุกร์ 13:00–0:00, วันเสาร์ 13:00–0:00, วันอาทิตย์<div>(วันคล้ายวันสวรรคตพระบาทสมเด็จพระบรมชนกาธิเบศร มหาภูมิพลอดุลยเดชมหาราช บรมนาถบพิตร)</div> 13:00–0:00<div><span>เวลาทำการอาจแตกต่างกันไป</span></div>, วันจันทร์<div>(วันคล้ายวันสวรรคตพระบาทสมเด็จพระบรมชนกาธิเบศร มหาภูมิพลอดุลยเดชมหาราช บรมนาถบพิตร (วันหยุดชดเชย))</div> ปิดทำการ, วันอังคาร 13:00–0:00,","High and Stoned Hatyai is a unique concept that combines a coffee shop experience with fresh, locally-grown produce and flowers. Their indoor farming practices ensure a sustainable and high-quality selection available to both retail customers and...แสดงเพิ่ม","Yes","No","No","No","No","","","","","","","https://lh5.googleusercontent.com/p/AF1QipMIVUhO8f6xeNcOHyJGZVILmEVOPm81R9GPzNkl","13372820092047049697","6.9956799","100.4840859","http://maps.google.com/maps/place?cid=13372820092047049697","","","","",""
"OGboy songkhla","258 ถ.ไทรบุรี ต.บ่อยาง อ.เมือง เมือง สงขลา 90000","0877962348","ร้านขายกัญชาในเทศบาลนครสงขลา","","5.0","14",""," วันพุธ 12:00–21:00, วันพฤหัสบดี 12:00–21:00, วันศุกร์ 12:00–21:00, วันเสาร์ 12:00–21:00, วันอาทิตย์<div>(วันคล้ายวันสวรรคตพระบาทสมเด็จพระบรมชนกาธิเบศร มหาภูมิพลอดุลยเดชมหาราช บรมนาถบพิตร)</div> 12:00–21:00<div><span>เวลาทำการอาจแตกต่างกันไป</span></div>, วันจันทร์<div>(วันคล้ายวันสวรรคตพระบาทสมเด็จพระบรมชนกาธิเบศร มหาภูมิพลอดุลยเดชมหาราช บรมนาถบพิตร (วันหยุดชดเชย))</div> 12:00–21:00<div><span>เวลาทำการอาจแตกต่างกันไป</span></div>, วันอังคาร 12:00–21:00,","","Yes","No","No","No","No","กัญชาคุณภาพดีแถมราคาถูกมาก อุปกรณ์ในร้านครบ เอามาแต่เงิน ได้กลับออกไปครบเลย","ได้รับ 5.0 จาก 5 ดาว,","ร้านสวย​ ของเยอะมาก​ ราคาไม่แพงด้วย​ เจ้าของร้านกันเองมากๆ","ได้รับ 5.0 จาก 5 ดาว,","","","https://lh5.googleusercontent.com/p/","16540670919523805984","7.1904078","100.5946929","http://maps.google.com/maps/place?cid=16540670919523805984","","","","",""
"เสรีชา (ร้านขายดอกกัญชาทางการแพทย์)","หลังปั้มน้ำมันควนโส 122 ตำบล ควนโส อำเภอ ควนเนียง สงขลา 90220","0826622289","ร้านขายกัญชาในตำบล ควนโส","","4.9","10",""," วันพุธ เปิด 24 ชั่วโมง, วันพฤหัสบดี เปิด 24 ชั่วโมง, วันศุกร์ เปิด 24 ชั่วโมง, วันเสาร์ เปิด 24 ชั่วโมง, วันอาทิตย์<div>(วันคล้ายวันสวรรคตพระบาทสมเด็จพระบรมชนกาธิเบศร มหาภูมิพลอดุลยเดชมหาราช บรมนาถบพิตร)</div> เปิด 24 ชั่วโมง<div><span>เวลาทำการอาจแตกต่างกันไป</span></div>, วันจันทร์<div>(วันคล้ายวันสวรรคตพระบาทสมเด็จพระบรมชนกาธิเบศร มหาภูมิพลอดุลยเดชมหาราช บรมนาถบพิตร (วันหยุดชดเชย))</div> เปิด 24 ชั่วโมง<div><span>เวลาทำการอาจแตกต่างกันไป</span></div>, วันอังคาร เปิด 24 ชั่วโมง,","","Yes","No","No","No","No","เจ้าของร้านใจดี เมามาก บรรยากาศดี เป็นกัญเองครับ🥳👍🍀🍃💯🔥","ได้รับ 5.0 จาก 5 ดาว,","บริการดีมาก เจ้าของร้านเป็นกันเอง ความเมา💯","ได้รับ 5.0 จาก 5 ดาว,","บรรยากาศให้ 10 การต้อนรับให้ 100 ความเมาให้ 1000000","ได้รับ 5.0 จาก 5 ดาว,","https://lh5.googleusercontent.com/p/AF1QipM7dUyQDZ-MT7pIdH1g5Q96JctoSGSC6tF34g8t","10808842441303379225","7.2156147","100.3758623","http://maps.google.com/maps/place?cid=10808842441303379225","","","","",""
"Canna​Cafe","7 ถ. ประชาธิปัตย์ ตำบล หาดใหญ่ อำเภอหาดใหญ่ สงขลา 90110","0811202023","ร้านกาแฟ","","5.0","6",""," วันพุธ 10:00–22:00, วันพฤหัสบดี 10:00–22:00, วันศุกร์ 10:00–0:00, วันเสาร์ 10:00–0:00, วันอาทิตย์<div>(วันคล้ายวันสวรรคตพระบาทสมเด็จพระบรมชนกาธิเบศร มหาภูมิพลอดุลยเดชมหาราช บรมนาถบพิตร)</div> 10:00–22:00<div><span>เวลาทำการอาจแตกต่างกันไป</span></div>, วันจันทร์<div>(วันคล้ายวันสวรรคตพระบาทสมเด็จพระบรมชนกาธิเบศร มหาภูมิพลอดุลยเดชมหาราช บรมนาถบพิตร (วันหยุดชดเชย))</div> 10:00–22:00<div><span>เวลาทำการอาจแตกต่างกันไป</span></div>, วันอังคาร 10:00–22:00,","","Yes","No","No","No","No","บรรยากาศมืออาชีพ คุณภาพสูงบริการเป็นมิตรและเปิดต้อนรับกาแฟมีน้ำผึ้งที่มีกัญชาอย่างแรงที่สุดและ …","ได้รับ 5.0 จาก 5 ดาว,","","","","","https://lh5.googleusercontent.com/p/","7403235121973280291","7.006634","100.47390150000001","http://maps.google.com/maps/place?cid=7403235121973280291","","","","",""
"GREENZONE Cannabis Dispensary กรีนโซน Weed Shop","50 นางงาม ตำบลบ่อยาง อำเภอเมืองสงขลา สงขลา 90000","0991144153","ร้านขายกัญชาในเทศบาลนครสงขลา","","5.0","123",""," วันพุธ 8:30–20:30, วันพฤหัสบดี 8:30–20:30, วันศุกร์ 8:30–20:30, วันเสาร์ 8:30–20:30, วันอาทิตย์<div>(วันคล้ายวันสวรรคตพระบาทสมเด็จพระบรมชนกาธิเบศร มหาภูมิพลอดุลยเดชมหาราช บรมนาถบพิตร)</div> 8:30–20:30<div><span>เวลาทำการอาจแตกต่างกันไป</span></div>, วันจันทร์<div>(วันคล้ายวันสวรรคตพระบาทสมเด็จพระบรมชนกาธิเบศร มหาภูมิพลอดุลยเดชมหาราช บรมนาถบพิตร (วันหยุดชดเชย))</div> ปิดทำการ, วันอังคาร 8:30–20:30,","","Yes","No","No","No","No","พนักงานหล่อมากค่ะ พี่ที่เป็นทอมแอบส่งสายให้หนูด้วย บริการดีมากๆค่ะ เป็นกันเอง","ได้รับ 5.0 จาก 5 ดาว,","พนักงานบริการน่ารักให้คำแนะนำสินค้าได้ดี ร้านสะอาดบรรยากาศดีแนะนำเลยค่าา✨","ได้รับ 5.0 จาก 5 ดาว,","พนักงานบริการดีครับ ของก็คุณภาพ ต้องไปลองครับ","ได้รับ 5.0 จาก 5 ดาว,","https://lh5.googleusercontent.com/p/AF1QipOVavMbkarNSvfxrkDUHN5EF27hmhygrkIvxq5B","17202099302509708845","7.197375999999998","100.59053809999999","http://maps.google.com/maps/place?cid=17202099302509708845","","","","",""
"Green planet","ซอย ดวงจันทร์ ตำบล หาดใหญ่ Hatyai, สงขลา 90110","0966629145","","","","","","","","Yes","No","No","No","No","","","","","","","https://lh5.googleusercontent.com/p/","3116332766801842622","7.0077536","100.4730467","http://maps.google.com/maps/place?cid=3116332766801842622","","","","",""
"ร้านลิ่มย่งเตียง","16 ถนน แสงอาทิตย์ ตำบล หาดใหญ่ อำเภอเมืองหาดใหญ่ สงขลา 90110","0872899899","ร้านค้าในเทศบาลนครหาดใหญ่","","5.0","1",""," วันพุธ 8:00–18:00, วันพฤหัสบดี 8:00–18:00, วันศุกร์ 8:00–18:00, วันเสาร์ 8:00–18:00, วันอาทิตย์<div>(วันคล้ายวันสวรรคตพระบาทสมเด็จพระบรมชนกาธิเบศร มหาภูมิพลอดุลยเดชมหาราช บรมนาถบพิตร)</div> 8:00–18:00<div><span>เวลาทำการอาจแตกต่างกันไป</span></div>, วันจันทร์<div>(วันคล้ายวันสวรรคตพระบาทสมเด็จพระบรมชนกาธิเบศร มหาภูมิพลอดุลยเดชมหาราช บรมนาถบพิตร (วันหยุดชดเชย))</div> 8:00–18:00<div><span>เวลาทำการอาจแตกต่างกันไป</span></div>, วันอังคาร 8:00–18:00,","","Yes","No","No","No","No","","","","","","","https://lh5.googleusercontent.com/p/AF1QipPKYyzpdPKAK5n6fWlPFCPl9Qcj2Wda-u3sRpDf","871766352149618531","7.008409299999999","100.47009179999999","http://maps.google.com/maps/place?cid=871766352149618531","","","","",""
"HAZY&HAZE (craft beer,cocktail)","211 ถนน แสงจันทร์ ตำบล หาดใหญ่ อำเภอหาดใหญ่ สงขลา 90110","0959092989","บาร์","","5.0","36",""," วันพุธ 17:00–2:00, วันพฤหัสบดี 17:00–2:00, วันศุกร์ 17:00–2:00, วันเสาร์ 17:00–2:00, วันอาทิตย์<div>(วันคล้ายวันสวรรคตพระบาทสมเด็จพระบรมชนกาธิเบศร มหาภูมิพลอดุลยเดชมหาราช บรมนาถบพิตร)</div> 17:00–2:00<div><span>เวลาทำการอาจแตกต่างกันไป</span></div>, วันจันทร์<div>(วันคล้ายวันสวรรคตพระบาทสมเด็จพระบรมชนกาธิเบศร มหาภูมิพลอดุลยเดชมหาราช บรมนาถบพิตร (วันหยุดชดเชย))</div> 17:00–2:00<div><span>เวลาทำการอาจแตกต่างกันไป</span></div>, วันอังคาร 17:00–2:00,","","Yes","No","No","No","No","เครื่องดื่มหลากหลาย มีทั้งเบียร์นอกและเบียร์ในประเทศ cocktail ดีมาก","ได้รับ 5.0 จาก 5 ดาว,","แนะนำคราฟเบียร์ครับ รสชาติดีมาก","ได้รับ 5.0 จาก 5 ดาว,","3แก้ว เป็นไงงงงงง บาเทนเดอร์ชิวคุณเหมือนเพื่อน ชอบหวานชอบเปรี้ยวบอกบาร์ได้ ของคาวก็สั่งให้ได้ จัด …","ได้รับ 5.0 จาก 5 ดาว,","https://lh5.googleusercontent.com/p/","3547439732193523777","7.0055074","100.47260150000001","http://maps.google.com/maps/place?cid=3547439732193523777","","","","",""
"ทศ420แคนนาบิส","6 เทศบาล ๗๓ ตำบล พะตง อำเภอหาดใหญ่ สงขลา 90230","0980140557","","","","","","","","Yes","No","No","No","No","","","","","","","https://lh5.googleusercontent.com/p/AF1QipN9m0JEqNzdbCDoO5A7fyvVcAMD2bhJBjOyvX21","5950018405345929345","6.8326362","100.46552709999999","http://maps.google.com/maps/place?cid=5950018405345929345","","","","",""
"CANNABIS (Padang besar) กัญชา ปาดัง","","0815438565","","","5.0","1","","","","Yes","No","No","No","No","","","","","","","https://lh5.googleusercontent.com/p/","944734916002028730","","","http://maps.google.com/maps/place?cid=944734916002028730","","","","",""
